Phoneme;Koorete.txt;Chipaya.txt;Lobi.txt;Ticuna.txt;Arabic.txt;Napu.txt;Hadiyya.txt;Bokyi.txt;Anufo.txt;Shuar.txt;Alladian.txt;Konso.txt;Moro.txt;Gamo.txt;Thai.txt;Karamojong.txt;Tucano.txt;MofuGudur.txt;Tol.txt;Garhwali.txt;Tektiteko.txt;Carib.txt;Patamona.txt;Vai.txt;Gidar.txt;Lao.txt;ShipiboConibo.txt;Qeqchi.txt;Akoose.txt;Marba_Azumeina.txt;Kera.txt;Huambisa.txt;Ipili.txt;Cofan.txt;Tamasheq.txt;Polish.txt;Ashaninca.txt;Guayabero.txt;Trio.txt;Musgu.txt;Palauan.txt;Pijin.txt;KalmykOirat.txt;Kuman.txt;Shilluk.txt;Kazakh.txt;Alangan.txt;Kyrgyz.txt;Huli.txt;Hiligaynon.txt;Samoan.txt;Madi.txt;Peve.txt;Kui.txt;Galela.txt;Bench.txt;Waiwai.txt;Javanese.txt;Sanuma.txt;Dangaleat.txt;Hindi.txt;Vietnamese.txt;Parecis.txt;Sango.txt;Sasak.txt;Duala.txt;Luwo.txt;Waimaha.txt;Bali.txt;Paez.txt;Tobelo.txt;Romanian.txt;Aymara.txt;Eleme.txt;Chamacoco.txt;Dutch.txt;Avokaya.txt;Morisyen.txt;Akha.txt;Guahibo.txt;Themne.txt;Mundari.txt;Mongondow.txt;Khasi.txt;Teso.txt;Kannada.txt;Munukutuba.txt;Awadhi.txt;Kumyk.txt;Karakalpak.txt;Bekwarra.txt;Duri.txt;Bora.txt;Paumari.txt;Maka.txt;Mentawai.txt;Ignaciano.txt;Aruamu.txt;Kalabari.txt;Tuva.txt;Murle.txt;Teribe.txt;CandoshiShapra.txt;Jingpho.txt;Bhojpuri.txt;Terena.txt;Malay.txt;Biate.txt;Pampangan.txt;Yawa.txt;Ilokano.txt;Pokoot.txt;Kashinawa.txt;
SIL;7405;6529;6535;7099;5590;6642;7335;8046;8524;5741;7762;7710;6713;6448;5979;5991;7328;6200;5669;7097;5448;6605;7802;9880;6743;6551;7566;5037;8451;7337;6533;5131;7263;5156;6724;4638;6444;6507;10322;6522;6342;4940;7027;6537;10088;5506;6301;7685;4511;5993;5373;7234;7165;5630;6476;8800;6701;5632;9393;6910;7334;6257;8604;6098;5020;6643;8827;6214;6273;6012;7486;6099;6063;10672;5182;5921;9182;7257;7055;3781;8980;5982;5588;6917;7026;6151;5081;6504;5715;6457;8816;5890;5190;5015;6114;5647;6740;5676;9134;5585;7229;6969;8470;6961;6129;6410;5112;7028;6259;7905;5514;6679;8916;0;0;0;0;0;0;
M;3663;3442;3806;4185;5106;4686;7000;6454;6711;5477;5188;4862;5697;4034;3956;3811;5920;6249;4214;4709;2210;6621;3942;8213;7383;3845;5151;3008;6637;7859;3722;6587;8439;5425;5202;3430;3561;4514;6979;5599;7321;6386;2952;7295;3702;3877;4140;4154;7576;6877;6009;4215;6269;4475;5205;2988;6698;3723;5735;4115;4802;4145;3163;4486;4924;6546;4820;5449;4571;4874;5103;3977;5809;3973;3244;4062;2996;5244;5881;3529;5385;4357;4364;3985;4701;3469;5630;4100;5159;5296;6493;5545;4987;2525;3592;5341;7505;7618;8379;2693;4119;3004;3711;6227;4218;4737;4592;6052;4632;7128;4324;3956;4176;0;0;0;0;0;0;
UH;4284;2851;2976;968;2896;1296;2737;2424;2565;2977;4139;2558;2920;2557;4025;3811;2801;2568;3343;4345;1668;3985;2665;3017;3620;2759;1828;1832;4860;2863;5346;2792;1648;1981;3845;3974;1269;3653;2428;2930;3296;4226;3159;3026;3227;2852;2360;4668;1737;2871;2055;2181;4795;2091;1973;2494;2993;3351;3039;5232;3000;3130;1193;3474;2833;3393;2328;2983;2770;1778;2247;5227;2237;2466;5216;3437;3329;4573;3024;3228;2374;2288;3590;3160;3174;3770;3720;2208;3332;4120;2868;2065;1973;1843;1797;2917;1525;2899;3283;6120;2739;3629;1789;2360;2349;6210;3792;1723;1624;1964;1784;4723;1500;0;0;0;0;0;0;
W;2049;820;1865;1126;2708;961;2594;1770;2392;1454;2080;1414;1034;986;1609;1458;942;1373;1195;1292;1267;1795;1681;2417;1441;1345;2917;1441;1736;1513;1801;1570;3010;619;2050;1045;251;1400;1253;1850;1209;1869;560;1985;2024;671;1502;596;3472;1282;3259;1139;1965;591;1737;1223;1133;1637;1536;1837;1255;935;1025;1868;550;2056;1985;1079;862;3112;1803;936;1810;2390;1481;763;2115;800;1080;1030;973;608;1777;1188;1267;1268;1915;638;1514;1182;1693;700;1965;1405;1400;1651;2112;1833;1417;1040;961;2378;1583;906;895;2371;1542;795;1077;2825;820;2355;2186;0;0;0;0;0;0;
OW;2627;3072;2364;1588;2632;3918;3719;3577;2337;2387;5261;2083;3032;1990;3557;3129;3132;2193;3104;2549;3334;6288;3512;3511;2443;2706;3585;2423;2845;2200;2071;2527;5165;1352;2830;4506;1855;3647;3315;2273;4266;4770;1943;4477;3436;2193;2848;3702;2920;3017;4314;3180;3231;1850;4765;1822;5654;3759;2887;3893;2238;2810;3061;3021;1841;3596;3266;2927;3767;1989;3931;3142;2445;4108;5224;2041;2226;3228;3315;1536;2333;2747;4008;3115;2575;3565;2902;2208;3017;2153;2578;2348;1978;2028;2053;2646;2079;2985;2267;3722;3022;5122;2686;2240;2770;3976;2270;2469;1829;4168;2426;4121;3313;0;0;0;0;0;0;
B;2947;1981;2742;1338;3298;5309;1863;5387;2786;910;3063;3619;1717;3690;2853;1634;3217;3845;3610;7253;2642;4492;3289;3518;5312;3870;3353;2814;6136;2223;5042;2575;1765;1924;2360;4277;3488;3662;5565;3766;3429;4330;2895;2742;2606;3999;4804;3587;4179;3288;1410;3566;4078;6913;3031;2182;1981;9653;3297;5374;5909;5205;1165;2750;5376;8120;3589;2629;9105;1059;2310;4025;2826;4591;3436;4157;4220;2874;2963;6565;3639;6637;4996;5558;3307;4648;3965;6535;4600;4448;3754;11110;1909;4109;3481;8082;6024;5074;5547;4096;4363;3813;3791;2700;6046;3886;4102;5001;4593;3852;4386;4308;2135;0;0;0;0;0;0;
F;1061;1033;920;82;1629;270;562;1351;1070;292;444;429;243;872;437;72;556;1160;189;384;734;179;406;1043;901;707;1381;652;157;498;303;454;259;2998;1186;1585;507;1290;220;354;177;2255;984;404;251;793;138;527;54;377;3107;346;602;308;336;1284;1445;484;127;85;480;568;1063;576;1142;170;33;282;524;500;168;1026;424;289;581;3560;447;1396;326;472;1081;226;81;317;88;179;937;142;380;442;930;178;109;570;2039;70;830;710;571;544;33;235;495;166;288;302;713;489;543;92;202;70;454;0;0;0;0;0;0;
IY;2856;7288;4795;6226;6413;7258;3118;4112;3659;5898;3122;4611;3930;3444;4504;4184;4140;2705;5057;3980;4706;3148;4129;2332;3330;4195;9211;5937;1516;3321;3487;4528;3920;6844;2957;3566;8466;3244;2830;5251;4115;3149;3979;3710;4977;2928;6064;2848;4526;5371;5218;7627;3272;6240;6774;5031;2463;4621;3828;3296;4497;3491;6281;3897;4188;2387;3395;5726;3472;3700;5778;6624;6236;2990;3329;3674;7165;6347;4295;4043;3934;5743;7911;4333;5382;4526;4150;4021;2422;2339;3440;3429;8271;9218;6600;3471;7520;2774;2778;1689;2832;7313;6810;3173;4494;5166;4994;4900;4782;4296;6326;3816;7225;0;0;0;0;0;0;
NG;637;1725;764;2663;1033;1438;767;1331;1885;1941;1319;815;2434;839;1576;1828;2016;1407;1565;482;1498;1019;1634;685;1102;1026;776;1514;1222;1176;1882;1239;1093;2414;724;1696;1993;396;922;1690;1543;1125;1623;2114;1054;1650;1748;1206;1250;1461;1662;978;896;1130;1695;1299;1491;2892;1502;1507;689;2135;1392;1119;1166;1306;1937;907;1279;1012;1578;1483;1048;979;355;756;1178;568;650;616;1125;1533;2758;1520;846;385;1400;615;726;1079;2125;1403;642;1408;956;1077;993;1181;655;2281;1362;1233;1770;1476;635;653;1625;2096;4368;1539;1134;1500;1948;0;0;0;0;0;0;
P;3879;6076;2673;4587;2714;4981;1752;2583;1967;4790;1955;3154;3197;3646;5700;4069;1809;1757;5060;2483;4277;3700;5367;2400;3486;5165;3238;3823;3232;2511;1025;4226;931;4332;1969;3844;5465;6385;3040;1633;2607;2549;2772;2926;2275;5024;3894;4537;1657;4838;2646;3513;1943;2434;2976;3160;4127;1577;2097;2784;4923;2374;7334;5340;3282;2008;1723;4836;2251;3879;3349;3297;7244;3052;7642;3442;3695;5748;2694;5198;2672;1640;4216;3759;4644;4147;3728;3484;2144;4273;2841;1274;6734;1399;6920;2508;4080;1478;2684;4984;1075;4934;3632;1646;1812;4707;5515;2608;5471;3977;5347;3192;5089;0;0;0;0;0;0;
IH;7439;4227;5905;5245;3705;2548;7270;4139;5472;4447;5129;6106;6058;6762;3635;7383;6624;4553;5140;5273;6776;3982;5674;3197;4898;3454;2942;6440;5352;5474;6900;4840;5203;5899;6681;5692;5430;6033;4614;6447;6205;6575;6174;6930;5270;6213;2785;5984;4962;2550;4469;4205;5336;6428;3552;6879;6569;2998;6466;6688;6042;3814;4129;7288;6421;5124;4354;7204;3331;5374;2746;5866;3805;4108;7685;4557;3786;6811;2510;7210;2747;5428;2958;3875;5564;4781;5269;3487;7661;6213;7389;2753;5958;4871;7868;4139;5136;5165;5463;6652;5960;3406;3117;4057;4813;5574;3702;5219;4345;3918;4762;4720;3174;0;0;0;0;0;0;
T;2181;2810;3225;3283;2127;456;2445;1678;2116;2955;1476;984;2325;2146;3548;3401;1852;1811;2252;1777;3600;1061;2575;1448;1502;2121;1099;2793;1999;2103;1521;2501;608;2211;2114;2843;1572;2899;1470;1285;694;1762;2865;1629;1465;1708;765;2835;1118;1571;3808;2121;1785;749;672;1905;1596;742;765;1507;1406;1741;1826;3764;1350;841;554;1308;1374;3659;486;2205;2768;1255;2386;2632;1576;2557;1847;2368;1990;973;1432;2174;2082;1071;2408;1140;1633;2048;1805;464;4098;1008;2724;683;1670;657;1253;2006;681;1543;2712;2093;773;2839;2327;1221;917;490;1775;2108;2074;0;0;0;0;0;0;
G;2979;3226;4561;4742;1662;2010;3586;2834;2596;2314;4469;2686;2882;4266;2799;2680;4074;3703;2024;4859;3743;2731;2351;3061;3458;2099;5624;3340;2244;1912;6792;3089;2047;2818;2209;2973;4534;1314;2581;4311;2342;2909;3504;4000;4235;3306;2811;2466;2498;4204;1032;2144;3191;4379;5134;3759;3080;4703;3181;6859;3904;4006;2365;2170;2431;2931;7063;3950;2770;1290;4256;2402;2067;3476;2764;1276;2755;1941;2549;2193;3968;5290;2589;3444;3931;4268;3111;4463;2416;2595;2578;2614;1892;2698;923;4964;1441;5151;3116;3578;6120;2779;2374;3650;7856;3358;2249;2974;3459;2335;3700;6040;3836;0;0;0;0;0;0;
EH;3503;3875;4623;3875;6681;2192;4132;5404;4805;6464;4306;3202;6133;4551;2017;3714;6300;5614;3835;4154;3793;2661;5030;4469;3501;3185;3070;3020;6479;4644;3506;5197;4509;3640;5037;2173;4760;4845;6409;5498;3435;3306;5097;3246;5803;2455;2843;1658;3592;3475;3211;3254;4603;3873;2106;2918;4419;1738;5638;5221;4394;4128;3835;4516;3867;5027;6200;5797;3531;5538;2631;3231;5090;5736;2869;3212;3192;1903;3050;6100;4571;3482;2030;2751;3644;3996;4767;4315;3519;3308;4714;3794;5357;5591;4390;4063;4191;5870;5316;1728;4640;2893;4283;3827;3487;2833;3044;2901;3689;4388;2590;4158;2240;0;0;0;0;0;0;
AH;3792;4912;1653;1746;5055;2683;3599;2305;2485;2955;2462;4177;3528;3476;3224;2656;3325;6931;3391;6094;3146;2385;2905;2935;4318;2459;2332;3185;3637;3153;2149;3829;3026;3823;6524;5157;2496;6516;3215;4659;5391;4375;3243;3545;2165;4319;6454;5598;6118;6642;4266;1196;4538;4116;2461;2928;3885;2660;2650;3816;3662;3085;2257;1963;5631;2199;2437;3418;3610;4604;1532;2798;5725;1559;4020;5473;1749;1529;2238;7808;3489;2910;3059;4248;2008;4934;4037;4934;5633;5188;2425;3411;1987;3295;3213;2935;5106;4635;1126;4389;2850;2096;3479;1953;3911;3283;5693;3122;6462;3230;4189;3687;1402;0;0;0;0;0;0;
AA;5032;3087;5559;2999;2638;5935;3056;3894;4533;1947;4942;6925;3154;5114;5331;4484;2713;4582;4444;5440;3808;3947;2408;8127;5786;5278;3546;2687;3925;4415;5568;3683;5733;3883;3215;2344;2627;3897;4543;3076;4877;2261;2479;3668;2709;5478;4620;3627;5709;4603;4334;6205;4653;7159;4856;5244;2776;6655;3069;4026;6079;2863;4013;4689;4116;5817;3691;2248;4776;2123;6979;4168;2373;4611;2299;3895;5630;5275;6324;2280;6474;5988;4872;5714;6593;4798;2789;7524;5420;4737;4490;9011;3766;2528;5081;8291;4523;4056;7336;3148;5936;1896;3121;7584;6383;3133;4764;7110;4708;5635;7269;3819;4240;0;0;0;0;0;0;
N;5248;5687;5896;7915;5356;7133;6018;7359;7332;8103;5146;6188;8564;4874;6341;6858;6621;5529;7859;4374;5112;6098;5343;6262;5821;7543;4178;5834;6467;7170;7216;7618;7647;4550;7916;3770;6234;5855;6249;5879;5124;5586;6438;6869;7751;6342;8266;5951;9781;6421;4056;4938;8194;6597;5441;6060;5444;7160;7168;6717;3644;7566;5374;7214;7263;9104;9912;5586;7792;4894;7820;4580;3805;5512;2773;8089;4325;3184;5609;8265;6542;6988;7116;6798;5869;6825;7369;5913;5803;4655;6857;7287;5246;7437;4037;6777;4137;5509;4376;6371;9806;4831;6857;9455;6138;3871;6620;8534;8201;5697;6090;6972;5850;0;0;0;0;0;0;
AY;2599;1375;2926;4134;1793;3675;2659;2289;3158;2720;1764;4279;2003;4175;2029;4408;1931;3438;1751;1997;1307;2065;2031;3313;1952;2437;3131;2132;1773;3206;2618;2321;2009;3677;2235;637;4359;953;2937;2966;1735;2247;678;1372;1921;1168;3998;791;4261;2163;3091;2978;2332;2582;2711;2106;1837;2134;4551;2357;1984;3041;3908;3520;2689;2211;3317;1758;2632;2012;4044;1005;2283;3266;584;662;3434;452;3063;1926;3143;3115;2108;1609;4547;2035;1603;5635;1520;1545;2524;3873;2010;3327;1338;3212;4986;3110;1818;586;3902;1912;4188;4690;3095;1199;2011;2244;2609;4924;2494;2138;3527;0;0;0;0;0;0;
AO;1513;843;2087;1176;1434;1725;1820;2629;2023;857;2594;1023;1237;766;2721;1191;1155;628;941;1214;1191;3770;1150;2274;979;3760;1377;1146;1486;533;1136;919;2389;682;571;1792;312;1084;2424;642;1645;2677;1108;2238;1172;2452;748;1605;1265;1362;2781;2023;917;964;3442;624;2620;4091;1050;1191;1863;1154;626;1224;600;2029;1026;841;1889;342;4272;1727;1045;2569;3015;2783;1371;3368;3209;300;2143;2392;2047;1609;1156;1112;1201;1152;1659;1741;1614;2095;848;532;873;1981;463;1398;4075;2466;1036;2011;1286;2617;1638;2278;1030;2968;1176;2783;1474;2453;1134;0;0;0;0;0;0;
ER;571;829;439;303;212;324;367;366;286;411;434;233;772;211;422;209;435;383;355;312;182;631;553;129;456;259;318;197;544;205;330;562;1717;625;582;1235;344;438;384;318;633;487;815;1149;235;933;184;563;354;142;529;369;268;235;844;347;844;261;324;193;647;189;479;144;353;200;271;678;579;661;469;492;433;441;987;597;316;337;297;315;237;535;487;534;176;405;526;281;252;381;306;383;297;423;332;247;442;349;876;1109;141;476;270;416;635;254;773;255;163;407;525;449;563;0;0;0;0;0;0;
DH;1337;839;633;1224;1805;923;1469;1027;624;1039;1177;1843;3116;1794;1450;715;2088;1544;1816;1092;1687;1369;1624;831;1115;1464;1491;1202;1430;1739;1160;1153;1210;1207;1705;1089;1339;2166;1844;1449;2113;1317;1033;1218;1598;997;1277;2044;1343;589;961;1240;1158;1427;452;1456;1157;569;1730;1012;1218;1314;1910;647;1405;1087;1179;1761;1457;863;344;1826;851;1086;1331;2119;2242;1089;905;1839;888;927;823;794;632;1656;1168;742;1957;1209;1032;603;1878;2290;1877;759;2013;2125;812;2266;1639;1279;1870;1220;769;986;1173;1016;1038;769;1298;800;1042;0;0;0;0;0;0;
UW;2671;1968;3328;2894;2377;2849;3095;2170;3041;2318;4101;1207;2508;1380;2673;2395;2827;1754;1834;1708;2265;3126;3305;1766;2485;1949;1385;1999;2473;2232;3103;1664;3676;1665;2058;3486;494;2410;1573;1892;2662;2469;3890;2781;2386;2297;2167;3686;1899;1636;2539;2817;2079;2828;2529;2271;1977;2630;3233;1871;1221;2238;2407;2851;1307;2141;3113;1716;1429;4432;2098;2282;2332;2390;3537;1680;2001;2979;4273;1623;1492;1750;2172;2153;1738;2050;2204;1307;2340;2024;2074;1077;2822;1484;2206;3023;1023;2397;2143;3943;1672;3674;1726;3310;1828;2740;3090;2683;1505;1891;1521;2068;4009;0;0;0;0;0;0;
S;1801;3226;1669;291;1796;1137;2448;1707;1253;2343;461;1340;246;1335;1783;433;1459;1245;3678;1439;3628;939;957;640;1475;1902;306;2290;1188;1290;748;1947;72;1984;3427;2766;733;3185;804;1008;2499;2815;2943;745;745;3062;3617;2571;17;3841;1565;1953;1977;1138;1963;2415;1765;1777;528;466;1826;568;1203;1874;1530;1087;23;223;604;5503;152;3425;2924;624;1870;3588;734;4073;763;1304;1268;1484;1751;1264;1059;1902;2439;609;1860;2688;459;1083;1012;643;2501;2075;514;704;1337;1749;75;1162;3258;1483;549;1133;2575;1465;1601;1144;2796;1060;723;0;0;0;0;0;0;
D;4049;1604;4367;4717;3279;1749;3030;2972;3400;2010;4039;4377;4927;4357;2616;3083;4660;5685;2932;4819;3760;2356;3766;3450;4171;3510;2733;2529;4634;3990;7808;2512;3375;2366;6391;2639;4123;2577;2941;5504;3200;2706;4195;3891;3900;3233;2704;3541;4955;2960;2381;5005;4072;5343;3490;3641;1732;2825;4839;5110;3550;6017;1889;4045;6843;4283;5088;2939;3917;1971;3441;3876;1253;3756;1980;4350;5738;2680;3642;3490;3215;4354;2726;3130;3584;4833;3067;3531;4424;3085;3624;3894;2592;5579;1562;2735;1676;3406;4065;2663;6138;2809;2592;3684;4803;2596;4013;3211;2313;2214;4085;4488;2094;0;0;0;0;0;0;
K;3955;6984;3609;4758;4380;2693;4032;3577;3808;3866;2965;3213;1530;3191;7256;5387;2703;2079;2823;2847;5596;2934;3709;2451;3152;5096;3275;6878;2148;3127;1662;3863;906;4692;2328;4056;3820;3495;2382;1565;1616;2519;6430;3879;5476;4017;3816;4085;1380;4070;1820;3513;2663;2086;2271;3896;3901;1656;2043;2949;2706;3174;4510;2491;2003;1193;1074;6675;3034;4087;2779;3177;7807;3090;4996;3766;2807;5857;3338;3159;3127;2594;5391;6309;5769;2858;3701;1629;2521;3780;2773;784;7589;4100;6738;1663;3421;1817;2363;3258;1247;5081;3677;2077;1785;7292;4825;3744;4013;1786;5452;2028;4006;0;0;0;0;0;0;
TH;2100;1105;745;819;1082;463;1381;419;752;992;614;561;554;3476;908;685;1191;739;799;974;2083;1324;1387;1322;374;1448;1345;1229;684;739;475;1302;532;3197;1055;1254;2506;1117;729;1398;778;791;857;971;833;768;941;975;234;398;209;524;778;1074;187;4030;1088;1016;1402;1106;1388;450;2404;582;2123;1041;190;978;736;1787;119;2029;615;551;1430;980;855;905;805;2175;1661;746;791;473;982;330;438;1683;1369;400;582;425;1801;593;1992;668;1044;577;461;726;497;879;1711;590;1104;599;1070;1124;554;467;376;394;1816;0;0;0;0;0;0;
OY;850;293;574;721;358;1153;845;452;597;706;784;341;202;540;509;827;481;250;541;294;369;1471;720;668;280;647;717;467;281;340;258;576;583;549;524;496;395;649;1338;520;790;602;264;633;437;643;534;395;227;214;1668;480;460;286;1685;446;1321;797;622;887;320;846;664;706;196;762;543;470;454;845;1648;790;291;776;852;213;385;456;423;436;484;596;980;302;584;367;407;322;380;469;538;534;514;649;567;1068;662;671;274;367;427;1154;490;383;260;1640;356;700;374;815;462;855;787;0;0;0;0;0;0;
Y;1183;959;1431;787;1671;964;1420;924;1356;2167;2125;756;1848;596;827;2070;1282;844;1387;780;704;1683;1364;651;855;804;915;614;1074;947;871;1033;1822;1409;1101;1781;1147;741;868;949;999;1018;934;1737;1297;1702;956;699;976;1107;2514;921;985;578;1294;1392;1278;831;716;844;1082;1205;1049;1106;1201;1318;2039;874;892;2559;1512;1196;1351;910;1641;582;874;1014;2620;1022;881;850;1073;1462;1242;1277;1981;537;1228;1245;1042;951;1330;423;1309;1080;1420;699;1026;505;1027;949;859;1183;760;1454;1024;890;1159;638;817;1594;1493;0;0;0;0;0;0;
SH;721;2751;131;25;589;179;416;531;417;1316;76;266;15;390;80;12;271;156;366;442;1377;625;93;40;147;53;513;2046;49;199;15;845;9;467;811;3121;318;166;53;2;351;125;1365;253;273;1208;187;1510;4;1374;800;84;114;24;336;1245;1592;48;209;2;653;663;447;64;108;3;3;17;39;1395;89;1226;1299;72;1359;374;117;497;527;20;139;67;284;736;94;272;135;9;799;1284;538;57;17;88;1094;26;144;108;207;887;24;1812;1593;613;254;1520;112;94;633;105;492;45;308;0;0;0;0;0;0;
Z;2059;1231;1509;224;997;267;2246;905;1926;1570;1632;2274;882;1926;692;2079;958;2557;2897;1052;2116;686;1154;906;3390;1098;541;1455;1321;1754;1891;1350;637;704;1534;3006;1036;2744;779;3552;1229;2365;1419;624;574;1812;1323;1599;399;288;674;1764;2722;1834;1271;2969;517;1598;1448;1276;1212;524;437;3462;1166;1579;186;553;997;2217;330;2240;528;1031;1170;1681;1576;3085;947;1518;1736;942;669;412;1532;726;2086;2444;3559;2640;677;1763;249;823;838;2923;222;2763;1257;2655;1374;917;1711;1360;1960;503;707;1562;278;1964;453;1044;1055;0;0;0;0;0;0;

;1180;1082;1173;1189;1142;1272;1222;1242;1298;1181;1305;1140;1171;1104;1126;1140;1230;1069;1112;1087;1133;1205;1254;1281;1117;1176;1202;1105;1164;1103;1130;1073;1191;1188;1090;1036;1199;1120;1338;1118;1092;1002;1225;1134;1430;1147;1086;1239;938;1118;1213;1264;1161;1007;1216;1198;1198;1144;1141;1069;1137;1113;1315;1159;999;1142;1278;1118;1153;1100;1244;1121;1085;1296;1060;1100;1227;1280;1216;965;1275;1150;1090;1148;1071;1088;1036;1187;1066;1130;1280;1135;1173;1105;1106;1107;1131;1043;1257;1124;1133;1195;1302;1253;1153;1127;1081;1187;1058;1236;1122;1148;1276;0;0;0;0;0;0;
EY;1933;1000;2165;4476;1565;3258;2432;2470;1746;3241;2226;2505;2617;1902;1381;1658;3544;1880;1677;2627;1786;1962;3549;1043;2069;2302;3060;2208;1250;2138;1792;3260;1445;3298;936;460;4604;1403;2973;3040;1813;2149;1103;1761;2842;1543;2031;830;1041;1237;2065;4118;1844;2820;1915;2854;2103;2094;1961;2107;3139;3802;5220;1862;2033;1810;2131;4087;2635;2317;1916;2270;1328;2759;2118;2842;3864;1930;2037;4096;2017;3167;1133;1972;2886;4042;1912;1778;1772;1630;2827;2182;3812;2663;3554;2355;4366;2177;1805;1360;3317;2454;2159;3003;3764;2182;609;3962;2527;3398;1874;1646;2580;0;0;0;0;0;0;
JH;533;1134;614;661;82;6;647;1232;649;914;635;116;190;237;542;551;278;657;503;956;732;407;1020;470;121;215;314;1282;882;613;935;1142;605;1418;362;1748;191;470;110;270;81;549;1224;259;426;363;37;1463;112;470;609;605;256;573;291;159;712;164;248;622;1010;370;192;943;183;352;282;104;598;962;281;1113;337;1276;561;117;450;773;1727;82;468;330;101;1597;190;243;658;265;479;475;1969;256;390;1402;456;82;279;258;792;1683;346;310;727;1003;690;509;788;221;464;230;358;565;325;0;0;0;0;0;0;
AE;1538;1616;3328;4432;2608;3072;1294;2606;2893;2318;2552;2897;3365;3673;1330;3317;2415;2935;1808;2075;1751;2655;1724;2710;2868;3529;3999;3126;3659;4506;2140;3675;1080;2862;2415;496;7044;1138;2634;2707;866;1205;1553;992;2625;845;3556;329;3033;2987;1684;2386;2573;3058;3442;2679;1888;3370;1891;2141;1714;4711;2732;2583;4558;3466;4514;4750;4660;2758;3216;1184;3635;4242;1131;2461;2830;681;2956;4025;5582;2469;2099;1762;4105;1908;3544;5145;938;1031;2606;4905;2287;4268;409;2511;2600;2643;2347;328;4167;3095;2419;1420;2506;1418;1686;751;2862;1940;3002;2734;3925;0;0;0;0;0;0;
+NSN+;389;486;99;332;291;3;328;475;334;807;20;266;249;408;686;272;464;193;1269;566;1482;375;1634;767;358;506;684;1373;894;102;153;653;60;698;101;780;210;315;740;77;433;583;1255;953;1377;1214;130;906;32;740;35;756;135;305;22;375;538;313;242;28;402;997;559;86;249;48;91;645;365;427;62;558;1056;424;507;778;1028;630;397;125;423;85;261;1206;113;668;716;6;771;670;463;27;900;308;753;38;141;47;565;1880;69;856;362;76;414;782;1156;603;709;39;352;540;519;0;0;0;0;0;0;
R;922;692;1444;291;714;1367;734;905;790;785;1465;1012;1495;431;2307;1325;556;972;645;1170;325;2093;1264;385;772;944;999;597;578;542;1187;748;3042;619;550;990;618;303;1029;639;3171;1903;883;1119;669;1528;436;675;1290;523;1975;2218;741;1012;1821;439;1616;1960;907;745;1863;580;479;493;712;519;571;901;2168;646;1850;1223;629;1679;1625;973;1132;830;546;421;1227;1891;1383;1365;883;1384;1005;988;465;706;504;1421;326;640;653;1015;797;2194;2327;822;762;1553;509;1430;950;440;1320;808;633;1894;954;1839;546;0;0;0;0;0;0;
+SPN+;276;313;159;639;231;585;517;188;272;458;170;228;430;355;455;242;651;133;488;130;202;234;623;272;251;78;281;364;213;346;54;328;472;347;255;303;178;402;380;175;188;274;329;543;639;384;101;712;189;223;367;389;49;147;394;277;804;185;425;88;290;239;888;101;300;51;411;333;196;351;433;68;251;334;110;125;293;340;427;246;217;385;266;418;68;107;261;246;258;580;313;250;227;1120;406;194;1062;388;230;269;69;203;389;373;273;161;716;230;323;279;340;158;305;0;0;0;0;0;0;
L;2046;2358;1718;2916;5483;5983;2146;2348;1405;2060;2604;4226;3057;2287;3653;3629;2687;2249;2630;2980;2683;2898;1831;2355;1941;4098;3385;3479;1981;3063;1792;2281;4763;1055;2227;2327;1109;2416;1983;2728;5551;4306;4606;3575;2637;4505;5102;4391;3465;4633;5392;2457;1649;2898;4396;1701;2040;3872;4034;1905;3075;4850;3299;1859;4191;1995;2552;1543;4227;1313;4381;2070;1769;2735;4432;2578;2973;2213;5327;1317;2184;3996;5901;3316;2233;5299;2463;3386;4952;5125;1573;4679;1931;2980;1753;2476;2434;3087;2330;3773;3251;3707;1952;3167;4018;1862;3300;3217;4714;3358;3903;3150;2539;0;0;0;0;0;0;
V;630;253;648;433;1076;805;991;581;828;577;823;718;1012;1321;491;221;399;1897;446;531;575;493;773;1009;1513;488;693;597;619;1607;715;379;1720;644;768;2562;465;1108;737;1237;1444;1229;720;582;487;1601;150;1121;1115;187;1229;874;1072;637;184;493;924;213;582;500;538;740;475;662;534;157;499;1219;337;883;185;1375;233;241;369;1221;838;1365;297;670;678;342;229;415;213;443;1240;416;814;1428;463;262;502;1707;459;214;213;1242;361;1707;530;434;387;203;552;686;414;479;211;309;346;485;431;0;0;0;0;0;0;
HH;775;1184;1194;765;2662;2135;608;356;655;1316;902;683;464;707;1004;557;759;1194;2734;725;1807;699;1254;698;571;1417;2304;1229;696;1229;490;950;1058;2091;869;341;829;1814;445;669;401;871;1199;941;681;604;213;626;1075;928;797;400;781;391;925;933;1000;648;795;287;1161;885;1364;289;805;486;265;1558;816;1059;1370;268;2630;534;648;2323;708;442;1423;1109;790;902;936;1441;242;834;548;1206;487;1341;797;603;1098;2698;2136;276;899;330;334;535;298;850;244;320;1282;1649;1274;618;377;838;683;666;1877;0;0;0;0;0;0;
AW;1478;662;2239;1758;857;3590;1417;2216;2475;1733;1722;2188;2424;2912;1393;2189;1741;2716;2154;925;1512;3026;2154;3821;2296;2343;2177;1538;1854;3435;2462;2064;2541;2012;2087;689;1463;1150;2342;2395;2110;1141;790;1037;1739;732;2242;484;4623;1523;2033;2534;2440;1617;3248;1309;2078;1677;2173;1214;1052;1513;2918;2728;2267;3642;3140;1549;1856;1837;3157;1154;1377;1634;1105;812;2477;633;2309;1469;2235;1961;1754;1313;2022;1216;2022;3133;1900;977;2405;3330;2110;2910;1253;2906;1877;2838;2096;586;2880;1543;2201;2937;1598;746;1855;1531;1514;2914;1924;1258;2631;0;0;0;0;0;0;
CH;392;998;258;278;48;10;328;591;96;841;93;19;34;164;440;145;58;236;195;390;1002;147;116;47;23;84;68;1882;126;278;72;548;82;505;57;1577;60;443;39;5;55;114;912;120;346;234;26;811;12;249;274;158;71;40;87;117;470;33;51;34;329;68;234;64;71;33;23;41;220;1202;9;936;629;289;471;137;68;200;737;20;78;48;31;247;94;57;96;66;470;342;821;15;121;91;417;2;448;13;23;825;18;540;762;320;156;362;215;94;101;26;65;18;78;0;0;0;0;0;0;
ZH;897;1551;630;72;203;74;530;155;662;383;434;746;71;648;113;78;389;364;248;300;961;109;256;163;199;68;968;1235;80;340;117;445;716;151;394;1800;130;116;217;127;151;143;555;368;197;1677;75;695;79;172;545;107;166;115;375;630;522;88;455;110;341;476;286;200;151;75;54;104;33;1056;377;259;233;206;603;190;75;636;359;84;115;82;147;140;62;86;344;47;646;1518;381;114;79;188;208;79;90;327;96;1285;210;1050;656;373;190;548;149;78;112;171;173;128;628;0;0;0;0;0;0;
